[{
		"FORM_TITLE": "9월 일반 경비 청구",
		"AMOUNT": "39,000",
		"POSITION": "매니저",
		"START_DATE": "20211002090000",
		"REG_NAME": "김정은9",
		"REG_ID": "1234567",
		"DEPT": "전략운영팀",
		"TEXT": [{
			"REG_DATA": "20210301100000",
			"REG_NAME": "이재성",
			"DEPT": "전략운영팀",
			"DESC": "결재 합니다."
		}, {
			"REG_DATA": "20210302123000",
			"REG_NAME": "홍길동",
			"DEPT": "전략운영팀",
			"DESC": "의견2222."
		}],
		"LIST": [{
				"USE_DATE": "20210301",
				"USER_PLACE": "또와요짬뽕9",
				"USE_AMOUNT": "1,520,000"
			},
			{
				"USE_DATE": "20210908",
				"USER_PLACE": "미야기",
				"USE_AMOUNT": "32,200"
			}
		]
	},
	
	
	

	{
		"FORM_TITLE": "8월 일반 경비 청구",
		"AMOUNT": "39,000",
		"POSITION": "매니저",
		"START_DATE": "20210905100000",
		"REG_NAME": "김정은8",
		"REG_ID": "1234567",
		"DEPT": "전략운영팀",
		"TEXT": [{
			"REG_DATA": "20210301100000",
			"REG_NAME": "이재성",
			"DEPT": "전략운영팀",
			"DESC": "첨부파일 확인해 주세요"
		}],
		"LIST": [{
				"USE_DATE": "20210301",
				"USER_PLACE": "또와요짬뽕8",
				"USE_AMOUNT": "1,520,000"
			},
			{
				"USE_DATE": "20210908",
				"USER_PLACE": "미야기",
				"USE_AMOUNT": "32,200"
			}
		]
	},
	
	
	
	
	
	 {
		"FORM_TITLE": "7월 일반 경비 청구",
		"AMOUNT": "59,000",
		"POSITION": "매니저",
		"START_DATE": "20210905100000",
		"REG_NAME": "김정은7",
		"REG_ID": "1234567",
		"DEPT": "전략운영팀",
		"TEXT": [],
		"LIST": [{
				"USE_DATE": "20210301",
				"USER_PLACE": "또와요짬뽕7",
				"USE_AMOUNT": "1,520,000"
			},
			{
				"USE_DATE": "20210908",
				"USER_PLACE": "미야기",
				"USE_AMOUNT": "32,200"
			}
		]
	}

]