{
    "ERROR" : 
    {
        "ERROR1" : "에러가 발생하였습니다."
    },
    "WARN" : 
    {
        "WARN1" : "장애가 발생 하였습니다. 잠시후 다시 시도해 주십시오."
    },
    "DIALOG" : 
    {
        "HELLO" : "안녕하세요",
    	"GOODBYE" : "안녕히 계세요"
    },
    "BUTTON" : 
    {
    	"ALERT1" : "확인",
    	"ALERT2" : "재시도",
    	"CONFIRM1" : "확인",
    	"CONFIRM2" : "취소",
    	"CONFIRM3" : "재시도"
    }
}